Duration,Time_Signature,Danceability,Energy,Key,Loudness,Mode,Speechiness,Acousticness,Instrumentalness,Liveness,Valence,Tempo,Streams,Popularity
178626,4,0.78,0.321,1,-10.747,0,0.372,0.562,0,0.0881,0.315,139.961,2307549783,50
214840,4,0.686,0.702,7,-5.325,0,0.0455,0.00637,4.46E-05,0.204,0.29,129.948,918831724,76
235946,3,0.664,0.602,4,-5.369,0,0.0412,0.0529,0,0.356,0.289,134.049,1161277374,70
197546,4,0.602,0.658,1,-5.934,1,0.0558,0.0233,6.00E-05,0.237,0.268,145.031,1079613822,75
244453,4,0.623,0.734,9,-5.948,1,0.107,0.0162,1.75E-06,0.145,0.37,107.853,1405366846,71
205920,4,0.699,0.713,9,-5.507,0,0.0594,0.04,3.11E-06,0.294,0.354,121.993,1347657126,75
197266,4,0.628,0.593,8,-5.036,1,0.0323,0.093,1.65E-06,0.096,0.104,125.025,1512768552,82
172324,4,0.737,0.802,0,-4.771,1,0.0878,0.468,0,0.0931,0.682,144.015,1463009803,79
226160,4,0.649,0.736,6,-5.84,0,0.23,0.0528,0,0.235,0.612,159.182,1453206366,66
207320,4,0.72,0.654,1,-5.634,1,0.0647,0.227,0,0.101,0.411,106.976,1904224158,78
250533,4,0.608,0.626,2,-4.773,1,0.301,0.597,2.16E-06,0.25,0.246,176.086,1481147942,76
205090,4,0.731,0.573,4,-10.059,0,0.0544,0.401,5.22E-05,0.113,0.145,109.928,2021350367,77
210367,4,0.816,0.538,6,-6.354,0,0.0617,0.0142,0.000485,0.099,0.156,97.055,1338575170,75
295176,4,0.607,0.829,2,-4.074,1,0.379,0.0103,0,0.107,0.685,96.172,882092129,74
192024,4,0.886,0.672,1,-4.394,1,0.188,0.0363,8.78E-06,0.101,0.526,91.976,1006494347,69
172127,4,0.86,0.758,11,-5.16,1,0.0695,0.021,6.54E-05,0.344,0.453,97.014,754895609,71
232058,4,0.524,0.643,9,-6.055,1,0.0297,0.451,0,0.221,0.397,135.962,276880096,75
182465,4,0.584,0.68,6,-6.781,1,0.0351,0.285,0,0.0901,0.55,146.093,,64
178723,4,0.57,0.67,1,-6.519,1,0.0274,0.426,0,0.108,0.593,140.924,245253959,77
207540,3,0.582,0.568,1,-7.3,1,0.0275,0.577,0,0.105,0.394,121.991,438100360,79
162352,4,0.502,0.877,7,-2.847,1,0.0746,0.0129,0,0.244,0.696,170.123,,55
210869,4,0.509,0.803,7,-5.543,1,0.0272,0.0772,0,0.133,0.373,138.022,,53
179294,4,0.431,0.837,9,-5.067,1,0.0432,0.259,0,0.0879,0.648,170.041,210827784,80
195519,4,0.63,0.694,11,-6.257,0,0.0253,0.00281,0,0.0719,0.216,97.005,679731701,70
163870,4,0.643,0.783,10,-6.458,1,0.0856,0.047,0,0.083,0.579,154.084,1399154240,71
239991,4,0.704,0.722,0,-3.524,1,0.045,0.0522,0,0.0645,0.675,122.094,146042869,53
160871,4,0.659,0.877,11,-5.089,0,0.0288,0.0878,0,0.094,0.471,119.992,121108611,51
187787,4,0.466,0.659,2,-6.077,1,0.115,0.00282,0,0.273,0.36,186.169,179657867,52
158258,4,0.394,0.718,7,-6.336,1,0.0607,0.706,0,0.116,0.247,151.912,,54
236133,4,0.646,0.77,2,-6.596,0,0.226,0.00249,0,0.0715,0.681,99.165,212570309,79
323480,4,0.583,0.621,5,-6.902,0,0.0479,0.00972,0.00106,0.181,0.399,140.036,616995696,71
206080,4,0.896,0.621,5,-6.857,0,0.237,0.00532,0,0.196,0.818,121.966,322486572,68
261640,4,0.508,0.72,11,-5.908,0,0.0628,0.272,0,0.0563,0.472,79.983,,72
249146,4,0.632,0.518,6,-6.126,1,0.0313,0.107,0,0.354,0.427,90.007,,64
227853,4,0.447,0.694,7,-4.637,0,0.382,0.0293,5.46E-06,0.167,0.509,175.868,,69
267413,4,0.652,0.749,0,-5.248,1,0.0886,0.0848,0,0.604,0.651,94.103,656697068,73
319466,4,0.418,0.441,11,-11.522,0,0.283,0.029,0.0707,0.306,0.172,175.928,509320009,69
236093,4,0.732,0.899,0,-4.237,1,0.143,0.00496,4.64E-05,0.372,0.759,127.091,571446716,70
193213,4,0.426,0.584,1,-5.293,1,0.296,0.0383,0,0.188,0.272,193.437,,66
194087,4,0.701,0.425,7,-10.965,1,0.375,0.328,0.13,0.1,0.562,135.128,2553606468,81
194087,4,0.701,0.425,7,-10.965,1,0.375,0.328,0.13,0.1,0.562,135.128,374622536,81
193143,4,0.905,0.389,8,-14.505,1,0.332,0.74,0.162,0.106,0.196,120.046,1026228778,73
245425,4,0.704,0.225,6,-14.454,0,0.0994,0.902,0.657,0.106,0.243,120.006,1656894009,82
203569,3,0.483,0.412,7,-8.461,1,0.0402,0.737,0,0.116,0.247,170.163,1113131733,77
200185,4,0.351,0.296,4,-10.109,0,0.0333,0.934,0,0.095,0.12,115.284,2914295021,87
208155,4,0.444,0.309,8,-10.956,1,0.062,0.795,0.132,0.352,0.0875,104.745,472760540,67
173539,4,0.879,0.365,2,-7.781,1,0.0924,0.227,0.135,0.0583,0.663,94.016,822217143,72
196077,4,0.367,0.111,4,-14.084,1,0.0972,0.978,3.97E-05,0.0897,0.198,82.642,1892556451,83
245896,4,0.632,0.284,9,-14.025,0,0.0801,0.932,0.000476,0.233,0.208,129.642,433300538,72
224284,4,0.908,0.524,1,-7.955,1,0.181,0.00111,0.000678,0.383,0.109,138.015,413773511,60
210787,4,0.82,0.568,6,-8.23,0,0.411,0.0256,0,0.0952,0.535,152.279,348644615,67
223712,4,0.926,0.703,11,-6.337,0,0.103,0.0659,0,0.231,0.485,125.022,903921906,70
262308,4,0.968,0.589,11,-7.808,1,0.255,0.0511,0,0.0731,0.268,129.993,188200435,54
253390,4,0.816,0.726,5,-3.998,0,0.129,0.099,0,0.372,0.65,136.048,1647414331,77
183527,4,0.95,0.59,8,-6.508,0,0.29,0.00534,0,0.11,0.219,130.003,588951869,69
200889,4,0.747,0.57,1,-6.711,1,0.081,0.0642,0,0.0832,0.65,133.992,566092106,75
143791,4,0.888,0.525,1,-5.665,1,0.305,0.029,5.68E-06,0.137,0.243,133.983,169234958,61
156944,4,0.868,0.795,11,-6.044,1,0.269,0.0012,0.0193,0.0461,0.819,166,657298399,65
187541,4,0.935,0.454,1,-7.509,1,0.375,0.0194,0,0.0824,0.357,133.073,1349389968,77
213200,4,0.654,0.731,10,-4.767,0,0.0568,0.0419,0,0.122,0.59,104.002,122179309,61
278573,4,0.672,0.82,11,-4.456,1,0.0459,0.0368,0.000188,0.184,0.438,120.005,,76
250666,3,0.729,0.658,10,-3.386,0,0.225,0.0506,0,0.0693,0.551,140.043,,74
264946,4,0.841,0.522,10,-5.963,0,0.049,0.0168,1.37E-06,0.188,0.616,99.059,574916284,74
260640,4,0.696,0.454,1,-6.756,0,0.153,0.123,0,0.155,0.136,92.928,1049706063,76
229866,4,0.846,0.482,1,-6.721,0,0.129,0.0246,0,0.393,0.212,100.969,,73
167813,4,0.803,0.79,1,-4.353,1,0.125,0.00863,0,0.0441,0.712,94.982,,57
252120,4,0.662,0.693,3,-4.298,1,0.0698,0.134,0,0.145,0.655,86.009,,75
241666,4,0.705,0.882,11,-3.201,0,0.0445,0.000369,1.16E-06,0.0934,0.7,130,,67
238070,4,0.57,0.512,0,-6.725,1,0.0518,0.0715,8.42E-05,0.1,0.295,82.568,,49
37306,4,0.66,0.334,4,-12.621,1,0.879,0.452,0,0.335,0.418,88.774,,0
159244,4,0.669,0.55,4,-5.352,0,0.108,0.203,0,0.127,0.133,79.99,,55
216507,3,0.401,0.749,3,-2.341,0,0.17,0.322,0.000161,0.117,0.474,177.165,,65
241624,3,0.587,0.447,8,-6.765,1,0.0641,0.698,0,0.113,0.315,124.669,,65
197958,4,0.508,0.689,1,-3.265,0,0.0764,0.137,0,0.18,0.528,79.907,,51
239346,4,0.62,0.507,1,-5.891,1,0.0307,0.111,0,0.101,0.266,120.065,,74
221520,4,0.4,0.647,2,-7.279,1,0.0337,0.176,5.79E-05,0.11,0.274,84.08,,67
257079,4,0.539,0.786,6,-4.884,1,0.0269,0.00228,1.79E-05,0.121,0.503,88.969,,53
156200,4,0.588,0.807,2,-3.426,1,0.0283,0.0835,0,0.109,0.674,110.014,235063301,75
229120,4,0.596,0.58,2,-6.318,1,0.0229,0.257,0.000102,0.196,0.409,93.979,,50
260466,3,0.358,0.358,6,-7.18,1,0.0307,0.566,0.000232,0.104,0.158,134.629,,63
213306,4,0.443,0.538,1,-5.477,1,0.0309,0.327,4.61E-05,0.0866,0.245,157.97,,63
211413,4,0.512,0.709,2,-5.766,1,0.0329,0.0415,4.25E-06,0.107,0.261,97.981,,69
224213,4,0.501,0.815,1,-4.865,1,0.0436,0.0513,0,0.106,0.46,160.087,,73
116760,4,0.774,0.412,1,-8.619,1,0.378,0.026,0,0.088,0.38,139.943,,46
178413,4,0.916,0.824,8,-4.444,0,0.422,0.222,0.00108,0.0661,0.87,139.926,,51
140920,4,0.847,0.405,11,-10.901,1,0.584,0.232,5.37E-06,0.0944,0.588,156.999,,46
139560,4,0.948,0.512,6,-5.74,0,0.146,0.0269,8.57E-06,0.0504,0.599,105.004,478505716,71
117066,4,0.885,0.353,2,-10.484,1,0.0912,0.0866,5.78E-05,0.173,0.316,134.079,,47
199693,4,0.507,0.372,1,-8.433,1,0.0303,0.481,0,0.271,0.257,86.422,,61
196746,4,0.576,0.849,9,-3.057,1,0.0386,0.511,3.89E-05,0.109,0.666,137.982,141779531,64
179666,4,0.56,0.555,10,-7.612,1,0.0318,0.166,0,0.0837,0.328,153.986,,60
176666,4,0.412,0.586,7,-4.572,1,0.0318,0.292,3.66E-06,0.128,0.3,79.234,,29
204720,4,0.542,0.797,9,-4.45,0,0.0379,0.00111,0,0.0906,0.593,113.95,,54
206106,4,0.607,0.912,8,-3.449,1,0.0611,0.124,0,0.332,0.722,134.944,257972291,74
225266,4,0.481,0.775,0,-5.494,1,0.0597,0.0169,1.39E-05,0.0978,0.273,136.035,,39
201866,4,0.336,0.758,5,-4.187,1,0.0451,0.00275,0,0.189,0.236,77.807,,42
190173,4,0.489,0.641,7,-4.455,1,0.0282,0.0592,0,0.0857,0.303,136.095,133113324,61
281306,4,0.478,0.653,8,-7.058,1,0.0312,0.0819,0,0.106,0.348,152.005,,56
174946,4,0.478,0.768,7,-4.784,1,0.0342,0.102,0,0.101,0.465,110.046,,55
169720,4,0.469,0.813,1,-4.875,0,0.0422,0.00714,0,0.131,0.406,120.894,,59
183680,4,0.659,0.823,4,-5.77,0,0.0415,0.0174,1.82E-06,0.11,0.405,112.931,,65
186973,4,0.406,0.843,10,-5.124,0,0.0526,0.0889,0,0.158,0.271,150.054,,68
199733,4,0.504,0.736,0,-6.079,1,0.0352,0.00216,0,0.129,0.46,148.014,190051077,61
242484,4,0.575,0.45,4,-9.306,1,0.0259,0.531,6.59E-05,0.124,0.263,132.039,1103039352,84
121695,4,0.672,0.253,9,-12.71,0,0.0395,0.864,0,0.0787,0.409,76.481,,60
132630,4,0.571,0.544,6,-10.613,1,0.0299,0.453,0.00805,0.322,0.216,132.052,1215155929,86
175875,3,0.37,0.358,8,-10.633,1,0.0317,0.799,7.08E-06,0.142,0.186,147.581,152948466,74
210666,3,0.531,0.307,1,-8.92,1,0.0316,0.852,8.25E-06,0.157,0.25,118.652,,69
192560,4,0.596,0.73,9,-4.091,1,0.151,0.24,0,0.325,0.525,85.979,851959328,62
199386,4,0.773,0.813,4,-4.609,0,0.0797,0.0331,3.77E-05,0.192,0.707,127.93,,62
210093,4,0.561,0.87,8,-6.103,1,0.343,0.0015,2.82E-06,0.246,0.498,129.98,256190619,67
201000,4,0.691,0.921,8,-1.702,0,0.0535,0.174,0,0.331,0.802,130.072,570855156,62
222500,4,0.491,0.857,7,-2.634,1,0.0656,0.0834,7.57E-06,0.344,0.395,129.971,326333933,49
245040,4,0.604,0.788,0,-3.673,0,0.103,0.0678,0.153,0.127,0.301,126.06,1684152726,56
199680,4,0.705,0.794,8,-2.266,1,0.0593,0.0488,0,0.575,0.412,127.961,280699045,60
191000,4,0.675,0.862,11,-4.614,1,0.0253,0.0165,0.000427,0.169,0.498,129.967,,58
208133,4,0.608,0.614,2,-3.727,1,0.0285,0.227,3.82E-06,0.157,0.402,127.885,479020750,64
179173,4,0.574,0.408,0,-9.733,1,0.0359,0.799,0.00295,0.15,0.134,126.127,125163715,70
212953,4,0.508,0.43,2,-9.475,0,0.0335,0.83,0.000441,0.093,0.324,130.09,1208356432,87
206218,1,0.4,0.335,1,-8.355,1,0.0389,0.673,0,0.0856,0.208,99.378,,66
187293,4,0.564,0.412,8,-9.23,0,0.0274,0.554,0,0.151,0.29,144.689,248637223,71
214632,4,0.484,0.457,10,-10.205,1,0.0376,0.649,0.477,0.148,0.17,116.9,,72
204094,4,0.841,0.725,11,-5.314,0,0.0624,0.00821,2.15E-06,0.519,0.731,127.047,,66
134116,4,0.841,0.879,1,-4.336,1,0.0743,0.0055,0.00211,0.101,0.458,128.966,,51
216707,4,0.822,0.627,7,-5.826,0,0.126,0.143,0,0.146,0.5,120.057,,51
166315,4,0.622,0.78,1,-6.441,1,0.341,0.0702,0.00233,0.331,0.755,113.184,,59
189824,4,0.74,0.758,1,-5.851,0,0.0921,0.061,1.44E-06,0.0967,0.757,171.925,321248567,73
189824,4,0.74,0.758,1,-5.851,0,0.0921,0.061,1.44E-06,0.0967,0.757,171.925,107388763,73
275526,4,0.596,0.617,9,-7.52,1,0.286,0.481,0,0.659,0.906,98.099,,53
134239,4,0.707,0.955,10,-4.593,0,0.222,0.127,0,0.202,0.575,125.989,896068410,76
203093,4,0.785,0.652,0,-2.607,1,0.0668,0.102,0,0.0697,0.484,170.024,369137220,67
203093,4,0.785,0.652,0,-2.607,1,0.0668,0.102,0,0.0697,0.484,170.024,152852510,67
208666,4,0.764,0.705,8,-3.463,1,0.0284,0.259,8.92E-05,0.12,0.781,110.97,1877714073,81
231750,4,0.868,0.538,5,-8.603,1,0.174,0.269,3.34E-06,0.0901,0.732,99.968,1140834217,81
187040,4,0.651,0.724,7,-5.457,1,0.166,0.172,0,0.13,0.686,144.146,424207811,72
237893,4,0.787,0.673,11,-4.583,0,0.159,0.264,3.35E-06,0.0904,0.779,110.962,237730422,75
237893,4,0.787,0.673,11,-4.583,0,0.159,0.264,3.35E-06,0.0904,0.779,110.962,1215897735,75
226986,4,0.749,0.463,11,-8.433,1,0.0842,0.21,0.0382,0.338,0.189,90.035,1088850285,80
183026,4,0.789,0.604,8,-7.616,0,0.25,0.0768,4.89E-05,0.137,0.765,159.979,566194013,56
172626,4,0.824,0.764,5,-4.175,0,0.0854,0.0888,0.00294,0.117,0.881,107.998,1663287986,82
186173,4,0.828,0.621,8,-6.414,1,0.0565,0.0164,0.00233,0.0845,0.436,128.986,857229313,76
202914,4,0.661,0.651,7,-3.771,0,0.0499,0.117,1.32E-05,0.056,0.368,87.46,631755398,67
221820,4,0.73,0.729,4,-3.434,0,0.0884,0.167,1.39E-06,0.349,0.467,113.011,1224696195,75
183290,4,0.793,0.793,11,-4.521,0,0.083,0.0123,0,0.0951,0.679,123.95,2679412524,84
217946,4,0.836,0.544,7,-5.975,1,0.0943,0.0403,0,0.0824,0.51,97.028,1609919397,79
203807,4,0.695,0.884,6,-2.278,0,0.0753,0.0561,0,0.213,0.914,103.014,2124904736,77
203807,4,0.695,0.884,6,-2.278,0,0.0753,0.0561,0,0.213,0.914,103.014,973965280,77
258004,4,0.659,0.667,11,-4.668,0,0.0339,0.00173,2.85E-05,0.1,0.468,115.982,683046215,72
209320,4,0.762,0.7,9,-6.021,0,0.0694,0.00261,1.56E-05,0.153,0.608,116.073,2144855293,82
193829,4,0.647,0.844,0,-3.756,1,0.0457,0.0137,0.000658,0.102,0.746,146.967,997019168,78
165506,4,0.722,0.588,6,-5.932,1,0.0544,0.0319,0,0.183,0.59,134.01,522969916,68
230746,4,0.807,0.893,11,-3.745,0,0.0347,0.0451,2.79E-05,0.366,0.537,126.011,1786603551,80
261153,4,0.461,0.834,2,-4.868,1,0.0989,0.0232,1.14E-05,0.14,0.471,135.007,1362067328,78
170826,4,0.624,0.876,9,-3.374,1,0.1,0.0735,0,0.327,0.781,99.943,1333100686,77
207520,4,0.522,0.385,0,-7.355,1,0.0288,0.536,0,0.135,0.236,89.792,1337498361,75
219946,4,0.798,0.676,6,-5.041,1,0.0442,0.0902,0,0.0894,0.843,101.956,1838711770,74
219946,4,0.798,0.676,6,-5.041,1,0.0442,0.0902,0,0.0894,0.843,101.956,175555909,74
263400,3,0.599,0.448,8,-6.312,1,0.0232,0.163,0,0.106,0.168,95.05,3040567433,86
258986,4,0.614,0.379,4,-10.48,1,0.0476,0.607,0.000464,0.0986,0.201,107.989,2575216556,82
233712,4,0.825,0.652,1,-3.183,0,0.0802,0.581,0,0.0931,0.931,95.977,3973446189,85
233712,4,0.825,0.652,1,-3.183,0,0.0802,0.581,0,0.0931,0.931,95.977,186981493,85
207853,4,0.788,0.859,2,-2.724,1,0.0856,0.281,0,0.0424,0.822,141.02,1612002039,82
281560,4,0.781,0.445,2,-6.061,1,0.0295,0.474,0,0.184,0.591,78.998,2542751447,81
226821,3,0.681,0.664,6,-8.019,0,0.0353,0.335,0,0.0418,0.861,102.166,325685025,71
209902,3,0.555,0.832,11,-3.691,1,0.0412,0.28,0,0.0894,0.43,170.124,,74
245203,4,0.62,0.461,1,-7.688,1,0.0268,0.605,2.90E-05,0.0758,0.561,97.659,,44
231291,4,0.871,0.595,2,-7.584,1,0.189,0.165,4.73E-06,0.379,0.369,132.042,,28
189809,4,0.459,0.543,8,-8.763,1,0.408,0.637,3.08E-05,0.0886,0.556,170.881,,44
271861,4,0.537,0.602,7,-4.631,1,0.0458,0.296,0,0.0715,0.753,157.437,,71
204815,3,0.809,0.849,4,-6.769,0,0.0738,0.251,7.36E-05,0.325,0.753,126,233488562,79
149073,4,0.69,0.482,7,-6.335,0,0.2,0.523,0.0004,0.0728,0.356,100.029,,84
228853,1,0.748,0.739,7,-1.972,1,0.0381,0.461,4.70E-06,0.0834,0.962,115.966,,62
200161,3,0.819,0.48,5,-6.966,1,0.0489,0.685,2.03E-06,0.116,0.759,114.04,,63
193816,4,0.57,0.71,0,-4.526,1,0.0304,0.0898,0,0.292,0.752,172.719,,78
169418,4,0.497,0.644,10,-4.309,1,0.0443,0.188,0,0.114,0.779,162.542,,81
194563,4,0.571,0.72,9,-4.089,1,0.0458,0.213,0,0.271,0.542,83.827,1059492842,79
181948,4,0.848,0.649,2,-6.083,1,0.315,0.232,0,0.101,0.629,118.04,137415958,57
197760,4,0.825,0.458,0,-7.47,1,0.0577,0.114,0,0.102,0.161,145.115,396924351,68
136266,1,0.773,0.422,1,-4.572,0,0.187,0.00783,0.00693,0.129,0.488,77.502,375031129,69
176946,4,0.8,0.754,1,-5.259,0,0.216,0.0668,0,0.278,0.334,134.136,,60
166368,4,0.817,0.556,4,-7.178,0,0.14,0.469,0,0.131,0.314,126.991,285069584,66
217801,4,0.639,0.839,11,-4.99,1,0.0364,0.0529,0,0.0854,0.528,126.057,173277992,70
201832,4,0.536,0.751,7,-5.472,1,0.0342,0.0506,9.63E-05,0.1,0.51,143.977,,65
194341,4,0.542,0.962,0,-3.096,1,0.0911,0.000474,0.00103,0.166,0.659,150.025,,63
202912,4,0.504,0.891,9,-4.784,1,0.0492,0.00527,2.00E-05,0.341,0.329,144.99,,34
167534,4,0.663,0.77,0,-4.88,1,0.0371,0.0876,0,0.352,0.772,132.058,223879632,79
179506,4,0.635,0.97,9,-4.03,1,0.0481,0.0087,1.88E-05,0.393,0.712,117.981,,42
207133,4,0.676,0.771,8,-3.675,1,0.0483,0.0237,7.00E-06,0.102,0.569,99.048,1720997862,82
167303,4,0.52,0.731,6,-5.338,0,0.0557,0.342,0.00101,0.311,0.662,173.93,3471556211,91
240133,4,0.567,0.267,4,-6.502,1,0.0299,0.839,1.46E-06,0.089,0.0592,110.011,1255053291,79
208906,4,0.448,0.838,4,-5.257,0,0.0557,0.21,0.000131,0.131,0.254,139.863,926675617,74
176386,4,0.375,0.93,2,-2.631,1,0.0561,0.00064,0,0.318,0.491,147.124,537278107,69
172213,4,0.575,0.621,10,-8.165,0,0.032,0.0392,0.0045,0.141,0.27,101.987,686237112,69
340706,4,0.516,0.595,5,-4.63,1,0.0313,0.0275,0,0.109,0.222,119.972,1572329364,81
224866,4,0.427,0.262,7,-8.541,1,0.0276,0.746,0,0.068,0.228,104.085,600809435,71
197346,4,0.653,0.869,5,-3.725,1,0.0382,0.128,2.20E-05,0.046,0.697,122.017,202079110,62
174000,4,0.548,0.816,0,-4.209,1,0.0465,0.122,0,0.335,0.557,95.39,2796720479,86
315300,3,0.573,0.514,7,-8.364,1,0.242,0.496,7.78E-06,0.271,0.706,186.611,,23
196336,3,0.756,0.606,2,-3.303,1,0.0298,0.54,2.40E-06,0.141,0.95,101.792,,10
106666,3,0.749,0.629,8,-5.434,1,0.216,0.21,1.62E-06,0.0849,0.577,161.945,,60
126857,4,0.793,0.768,1,-6.244,1,0.144,0.118,3.65E-05,0.114,0.261,140.141,203769806,73
118002,4,0.635,0.574,1,-7.453,1,0.322,0.229,0,0.126,0.592,153.938,,86
129360,4,0.767,0.722,0,-6.586,1,0.31,0.678,1.10E-05,0.231,0.52,141.075,195528048,67
104819,4,0.811,0.528,11,-7.278,0,0.275,0.291,0,0.0787,0.635,166.084,137537143,64
108169,4,0.613,0.668,11,-5.812,1,0.2,0.591,1.37E-05,0.169,0.716,141.826,,52
129293,4,0.749,0.512,1,-9.28,1,0.19,0.0526,0.0282,0.116,0.111,165.093,,64
242573,4,0.756,0.646,7,-5.795,1,0.319,0.152,1.81E-05,0.108,0.429,176.088,1767786447,84
222346,4,0.639,0.791,10,-4.443,0,0.254,0.0275,0,0.362,0.933,92.603,827487828,76
190176,4,0.679,0.648,2,-5.892,1,0.445,0.145,0,0.182,0.635,94.378,,57
216726,4,0.772,0.498,8,-7.661,1,0.649,0.115,0,0.0898,0.351,81.817,204870662,57
264746,4,0.657,0.421,9,-11.378,1,0.412,0.352,0.000218,0.187,0.181,174.063,414027705,67
237426,4,0.729,0.739,8,-9.5,0,0.338,0.696,9.37E-06,0.164,0.749,90.306,,55
211496,4,0.677,0.638,8,-8.631,1,0.333,0.589,0,0.193,0.435,82.81,447990202,74
216520,4,0.898,0.283,6,-12.335,0,0.356,0.319,0.000383,0.11,0.469,138.97,494439744,69
239266,4,0.495,0.722,6,-8.108,0,0.357,0.0697,0,0.113,0.539,175.627,1276861712,80
203293,4,0.539,0.722,4,-4.163,1,0.0282,0.314,0,0.117,0.497,143.78,165173979,59
204200,4,0.623,0.59,4,-5.014,1,0.028,0.646,0,0.295,0.578,137.073,,67
219160,4,0.682,0.795,6,-6.652,1,0.0489,0.305,9.41E-06,0.109,0.64,135.941,168947431,65
183440,4,0.431,0.841,6,-2.988,1,0.0371,0.13,0,0.0517,0.486,180.975,,55
229400,4,0.68,0.74,2,-5.064,1,0.0355,0.342,1.81E-06,0.117,0.644,127.024,377645118,72
306026,4,0.697,0.877,6,-3.885,1,0.0348,0.00913,6.93E-06,0.0726,0.768,121.533,,58
284960,4,0.41,0.9,0,-4.249,0,0.0654,0.0166,1.12E-05,0.339,0.56,176.96,126672427,64
232306,4,0.496,0.709,5,-5.174,1,0.0292,0.0507,1.04E-06,0.182,0.504,158.124,149034186,62
220573,4,0.553,0.872,1,-2.832,0,0.0781,0.196,0,0.0659,0.638,172.139,,72
193226,3,0.542,0.571,7,-5.299,1,0.028,0.156,0,0.101,0.506,131.877,471704856,72
239592,4,0.763,0.603,8,-9.201,1,0.0788,0.176,0,0.0863,0.402,140.068,,65
217360,3,0.39,0.791,9,-4.777,1,0.0568,0.223,0,0.0683,0.487,179.68,,52
197400,4,0.502,0.771,6,-4.246,1,0.032,0.0123,1.82E-05,0.0801,0.557,157.978,186750129,77
273482,4,0.748,0.679,10,-7.219,1,0.0384,0.492,8.47E-06,0.142,0.255,129.952,,33
240722,3,0.677,0.404,0,-9.552,1,0.027,0.653,0,0.249,0.355,83.087,109936317,69
156133,4,0.458,0.542,1,-6.989,1,0.0313,0.357,1.98E-06,0.114,0.26,79.747,,55
232093,4,0.365,0.541,7,-7.489,1,0.0304,0.0419,2.25E-06,0.281,0.329,86.041,202943986,74
179152,4,0.582,0.868,11,-3.927,1,0.0522,0.146,0,0.103,0.555,90.105,164787773,55
167480,4,0.586,0.559,4,-6.725,1,0.05,0.639,0,0.0872,0.437,177.945,491793961,80
200415,4,0.519,0.738,7,-5.452,1,0.0327,0.133,0,0.0986,0.506,155.972,,48
175226,4,0.549,0.608,5,-8.253,1,0.0481,0.682,0,0.0966,0.399,78.534,258277357,77
192954,4,0.752,0.655,8,-6.07,1,0.0366,0.118,0.000297,0.0909,0.669,89.97,,52
182666,4,0.491,0.907,7,-3.594,1,0.0481,0.0491,0,0.242,0.631,199.943,324153951,69
193929,4,0.523,0.837,7,-4.494,1,0.0335,0.301,0,0.172,0.523,82.006,221216775,66
174254,4,0.592,0.891,10,-3.144,1,0.0512,0.0267,0,0.352,0.674,99.983,256235486,71
201812,4,0.853,0.824,1,-3.287,1,0.103,0.0322,0,0.0859,0.888,108.044,628124201,78
201391,4,0.709,0.879,0,-4.218,1,0.042,0.158,0.00158,0.441,0.34,114.99,428615944,71
183550,4,0.79,0.831,11,-4.185,1,0.044,0.312,0,0.0797,0.872,124.987,1815032802,86
206019,4,0.711,0.809,2,-4.389,0,0.0955,0.0447,0,0.339,0.816,106.017,806132604,90
239905,4,0.529,0.469,1,-6.967,0,0.0358,0.0899,1.53E-05,0.831,0.344,87.864,,77
147557,4,0.671,0.839,1,-2.645,1,0.0866,0.179,0,0.0748,0.882,83.845,188116569,77
240654,3,0.675,0.725,4,-4.766,0,0.0334,0.0839,0,0.334,0.469,92.513,,81
162648,4,0.723,0.59,11,-7.688,0,0.0341,0.246,5.02E-05,0.201,0.587,97.481,145291886,78
162615,4,0.641,0.905,11,-3.694,1,0.0334,0.435,0.0491,0.185,0.875,94.874,,67
209259,3,0.515,0.593,4,-4.801,1,0.0322,0.653,0.162,0.25,0.153,94.467,1173927423,77
120308,5,0.422,0.44,11,-5.53,1,0.0544,0.617,0,0.0837,0.332,128.934,497093045,76
157636,4,0.707,0.474,1,-4.603,1,0.0672,0.578,0,0.11,0.538,109.991,173572722,67
178274,4,0.625,0.684,6,-6.146,1,0.0496,0.132,0.000334,0.137,0.133,104.023,,66
187723,4,0.642,0.706,7,-6.832,0,0.0507,0.518,0,0.243,0.86,136.854,752492021,80
202123,4,0.611,0.454,1,-9.166,0,0.0257,0.498,0.077,0.15,0.354,87.945,,64
160191,4,0.653,0.524,11,-9.016,0,0.0502,0.112,0,0.203,0.553,83.97,1198218273,82
164668,4,0.608,0.735,4,-5.497,1,0.0371,0.0156,1.69E-06,0.361,0.773,90.007,,52
192053,4,0.626,0.516,8,-6.05,1,0.0388,0.4,0,0.142,0.769,153.653,198275242,62
179506,4,0.677,0.556,9,-6.544,1,0.0306,0.263,0,0.105,0.521,80.006,500565803,71
205400,4,0.701,0.5,8,-8.82,1,0.0303,0.46,0,0.234,0.409,97.028,169356314,61
178986,4,0.545,0.854,4,-4.968,0,0.0289,0.00244,1.20E-06,0.249,0.436,91.967,170023099,60
188253,4,0.612,0.799,10,-4.603,1,0.0275,0.00898,0,0.172,0.687,125.976,525791986,71
205746,4,0.63,0.496,8,-7.011,1,0.0329,0.388,0,0.088,0.387,78.024,,45
235226,4,0.646,0.573,7,-5.716,0,0.041,0.00949,3.98E-05,0.0932,0.109,134.979,348038642,70
170480,4,0.912,0.7,6,-3.331,0,0.068,0.163,0,0.174,0.535,106.981,720449480,88
192786,4,0.85,0.562,5,-7.863,1,0.0724,0.169,3.23E-06,0.104,0.293,122.029,,82
209160,4,0.635,0.706,5,-3.224,0,0.125,0.256,0,0.108,0.443,88.863,587856543,74
170920,4,0.826,0.552,10,-5.167,0,0.144,0.167,6.23E-06,0.101,0.532,96.981,152714796,75
209160,4,0.627,0.858,11,-2.824,0,0.386,0.263,0,0.21,0.342,92.523,442801113,71
155946,4,0.727,0.482,11,-6.193,1,0.115,0.933,0,0.388,0.487,74.93,324227367,73
207626,4,0.863,0.502,1,-7.912,1,0.0496,0.61,0.00765,0.11,0.567,111.029,1243546081,83
195824,4,0.924,0.668,11,-6.795,1,0.0469,0.446,0.000594,0.0678,0.787,128.027,,96
200960,4,0.803,0.715,2,-3.28,1,0.298,0.295,0.000134,0.0574,0.574,101.085,1518898596,74
219493,4,0.583,0.584,5,-5.362,0,0.0314,0.254,0,0.123,0.136,140.039,,65
198973,4,0.548,0.889,9,-4.682,1,0.0382,0.00165,0.00109,0.197,0.425,90.048,,60
237000,3,0.446,0.701,9,-4.179,0,0.0295,0.0298,8.89E-06,0.0931,0.394,159.958,,61
217293,4,0.514,0.91,7,-2.978,0,0.0714,0.00168,0.00187,0.224,0.472,145.907,,44
212280,4,0.561,0.245,1,-6.372,1,0.0344,0.904,0,0.0933,0.402,109.558,,56
188960,4,0.662,0.741,0,-5.406,1,0.0334,0.00165,0.0303,0.114,0.404,131,,75
221946,4,0.562,0.939,0,-4.282,1,0.0475,0.046,0,0.112,0.684,116.044,676298095,64
189306,4,0.75,0.888,0,-4.524,1,0.0426,0.0147,1.11E-06,0.0759,0.935,115.973,,47
122872,4,0.702,0.685,3,-5.287,1,0.0879,0.00187,3.98E-05,0.227,0.573,159.88,,37
168559,4,0.728,0.863,2,-4.67,0,0.0675,0.0139,0.000259,0.167,0.489,111.972,,52
279270,4,0.693,0.853,6,-4.241,1,0.0503,0.00329,0.000193,0.123,0.432,119.948,,46
225972,4,0.737,0.602,11,-5.292,1,0.204,0.0393,2.74E-06,0.236,0.88,109.039,,56
250615,4,0.768,0.729,6,-3.521,0,0.0743,0.101,0,0.0774,0.772,110.02,,48
191808,4,0.627,0.838,2,-4.352,1,0.183,0.0247,0.000383,0.223,0.536,120,,48
155853,4,0.88,0.674,9,-6.143,0,0.206,0.0457,0,0.0279,0.859,111.985,,36
197651,4,0.563,0.879,0,-4.735,0,0.0907,0.00125,1.76E-05,0.166,0.602,107.013,,46
118153,4,0.914,0.696,11,-4.482,0,0.134,0.00225,7.97E-05,0.0979,0.572,130.028,,63
143111,4,0.958,0.523,8,-6.1,1,0.0591,0.0293,0,0.106,0.309,102.039,,57
123920,4,0.893,0.558,9,-6.556,1,0.152,0.278,0.00214,0.104,0.647,94.034,,50
210200,4,0.549,0.502,0,-5.972,1,0.0405,0.299,0,0.764,0.291,129.842,1317756162,82
212333,4,0.668,0.78,7,-4.287,0,0.053,0.0265,1.63E-06,0.143,0.738,139.945,572307416,76
294573,4,0.695,0.921,0,-3.752,1,0.0363,0.00314,5.26E-05,0.0842,0.714,119.007,,83
244760,4,0.591,0.634,9,-6.365,0,0.0291,0.0107,1.95E-06,0.113,0.44,99.998,538058814,67
260252,4,0.587,0.828,11,-5.108,1,0.161,0.00327,0,0.331,0.493,123.907,628510420,67
251667,3,0.521,0.592,6,-7.777,0,0.0304,0.308,0,0.122,0.535,157.969,,86
205280,4,0.666,0.423,0,-8.012,1,0.0429,0.494,0,0.106,0.154,129.893,839538762,74
237200,4,0.851,0.806,4,-4.618,1,0.0787,0.119,1.72E-06,0.121,0.774,119.001,,77
215733,4,0.577,0.385,7,-6.362,1,0.03,0.371,0,0.231,0.331,95.82,2500211860,83
206693,4,0.747,0.521,11,-7.439,1,0.0351,0.233,6.17E-05,0.101,0.673,141.983,,61
189786,4,0.494,0.956,0,-4.67,1,0.0729,0.0266,3.58E-05,0.665,0.772,171.977,,69
199040,4,0.587,0.632,9,-5.416,1,0.0311,0.148,1.01E-05,0.158,0.392,139.974,168043870,73
226826,4,0.476,0.846,2,-4.362,1,0.0338,0.0716,1.40E-05,0.315,0.821,159.956,,47
239013,4,0.596,0.54,9,-8.82,0,0.0442,0.243,8.10E-05,0.347,0.476,77.049,,48
168120,4,0.576,0.723,0,-4.411,1,0.0528,0.134,5.29E-06,0.123,0.778,176.141,,60
176053,4,0.539,0.839,9,-4.408,1,0.045,0.0216,2.07E-06,0.174,0.971,160.049,,49
203373,4,0.659,0.683,3,-5.623,1,0.0312,0.513,4.93E-06,0.133,0.397,139.931,181336658,71
197685,4,0.52,0.816,8,-7.358,1,0.0583,0.0363,0,0.0897,0.75,155.934,,51
140413,4,0.632,0.832,2,-3.185,1,0.0334,0.0019,1.08E-05,0.201,0.885,114.007,,49
144047,4,0.862,0.235,1,-15.545,1,0.699,0.0241,0,0.123,0.398,150.062,,51
173182,4,0.935,0.807,11,-3.838,0,0.114,0.0514,0,0.349,0.813,106.017,332490827,65
173182,4,0.935,0.807,11,-3.838,0,0.114,0.0514,0,0.349,0.813,106.017,123809451,65
191546,4,0.774,0.622,9,-6.989,1,0.361,0.000692,0,0.748,0.388,150.137,,58
172137,4,0.874,0.617,3,-7.205,0,0.234,0.195,0,0.239,0.819,144.98,,36
200135,4,0.79,0.61,9,-6.958,0,0.102,0.0613,0,0.243,0.62,145.88,,45
103488,4,0.684,0.464,9,-5.796,1,0.506,0.202,0,0.111,0.213,180.323,,28
141176,4,0.587,0.848,6,-4.385,0,0.346,0.0364,0,0.246,0.673,169.65,,35
161538,4,0.481,0.728,0,-6.147,1,0.143,0.279,0,0.139,0.703,79.829,,39
161800,4,0.774,0.603,2,-4.424,1,0.11,0.000204,8.68E-05,0.184,0.254,155.048,,54
170270,4,0.911,0.667,1,-6.606,1,0.277,0.0313,0,0.0854,0.78,147.976,,47
169531,4,0.846,0.48,8,-8.618,0,0.359,0.269,0,0.0989,0.419,143.029,361931025,69
200000,4,0.713,0.551,4,-7.593,0,0.29,0.107,3.66E-06,0.294,0.237,82.637,,48
162205,4,0.678,0.623,1,-5.034,1,0.0828,0.16,0,0.151,0.103,160.021,,54
264862,4,0.79,0.56,1,-7.039,1,0.341,0.0787,0,0.344,0.133,145.012,,54
179724,4,0.447,0.813,5,-2.126,0,0.254,0.0258,0,0.136,0.121,84.758,,48
192000,3,0.545,0.525,1,-8.147,1,0.367,0.0134,0,0.109,0.26,159.073,,43
181393,4,0.795,0.526,6,-9.086,0,0.204,0.067,2.00E-06,0.134,0.194,140.037,148158684,63
179978,3,0.566,0.66,1,-4.039,1,0.0479,0.0156,0,0.234,0.52,162.159,,53
159735,4,0.682,0.919,0,-3.18,0,0.0875,0.256,0,0.442,0.535,95.982,639167550,70
159735,4,0.682,0.919,0,-3.18,0,0.0875,0.256,0,0.442,0.535,95.982,439862884,70
194935,4,0.766,0.885,0,-3.001,1,0.102,0.00666,0,0.348,0.831,119.908,537132428,37
172453,4,0.779,0.741,0,-5.503,1,0.0962,0.0261,0,0.25,0.928,119.97,,0
172832,4,0.827,0.731,4,-5.524,0,0.088,0.13,0,0.418,0.607,118.992,193229582,60
204392,4,0.803,0.833,0,-4.5,0,0.0859,0.259,1.43E-06,0.152,0.784,129.993,,40
175234,4,0.693,0.849,7,-4.517,1,0.0892,0.00466,0.00127,0.503,0.767,99.021,,49
175342,4,0.833,0.722,1,-5.563,1,0.136,0.0573,1.14E-05,0.358,0.588,107.019,180435475,56
173325,4,0.715,0.624,4,-3.046,0,0.114,0.11,0,0.123,0.412,158.087,998939790,71
185594,4,0.67,0.966,3,-1.994,0,0.177,0.0292,0,0.185,0.77,113.046,,48
193200,4,0.551,0.402,11,-7.431,1,0.0262,0.676,0,0.0928,0.382,103.313,869642703,83
186733,4,0.538,0.863,1,-4.483,1,0.0481,0.0139,0,0.0874,0.637,77.001,590586421,81
219573,4,0.552,0.225,0,-11.501,1,0.0477,0.827,0,0.111,0.67,138.002,370737321,74
186106,4,0.598,0.846,6,-4.956,1,0.0355,0.0527,0,0.113,0.328,144.04,151646684,66
232533,4,0.487,0.65,0,-5.195,1,0.0253,0.191,0,0.0933,0.456,151.964,492387182,77
222533,4,0.464,0.813,10,-6.185,1,0.0416,0.0153,0,0.254,0.515,75.977,738733915,78
194866,4,0.572,0.949,4,-4.865,1,0.06,0.00165,0.000195,0.163,0.53,118.974,213805309,69
221800,4,0.544,0.781,6,-6.16,0,0.0311,0.00585,0,0.191,0.527,144.075,422781056,74
183160,4,0.533,0.907,11,-3.793,1,0.0406,0.0292,0,0.386,0.7,150.99,621576186,83
240760,4,0.551,0.801,6,-5.069,1,0.0303,0.013,6.03E-06,0.265,0.625,128.027,861706615,84
204733,4,0.714,0.665,4,-7.736,0,0.0509,0.0996,0,0.226,0.842,78.515,,71
201400,4,0.833,0.467,0,-7.89,1,0.0619,0.0339,0,0.09,0.767,139.971,,70
235002,4,0.593,0.734,9,-5.416,1,0.0514,0.02,0,0.138,0.518,125.937,,76
224581,4,0.493,0.581,10,-6.133,1,0.0327,0.302,0,0.169,0.317,138.075,,59
181066,4,0.573,0.795,10,-5.561,1,0.0558,0.129,1.78E-05,0.186,0.705,128.101,,73
176022,3,0.635,0.537,6,-6.296,1,0.0476,0.0467,0,0.0853,0.511,107.421,,70
223119,3,0.38,0.488,9,-6.637,1,0.029,0.126,7.23E-06,0.115,0.268,156.031,256055602,66
222139,4,0.603,0.46,7,-8.178,0,0.0281,0.356,0.000528,0.119,0.556,81.04,,63
187920,4,0.807,0.887,9,-3.726,1,0.0503,0.0573,2.87E-06,0.124,0.961,134.052,831425829,73
180973,4,0.886,0.734,2,-4.431,1,0.0752,0.0294,1.29E-05,0.304,0.25,109.981,,41
176266,4,0.756,0.789,2,-7.002,1,0.0324,0.53,0.000711,0.157,0.873,127.987,418331456,73
184226,4,0.655,0.782,1,-4.789,1,0.185,0.375,0,0.317,0.832,79.427,576719428,77
228360,4,0.605,0.684,10,-5.254,1,0.142,0.333,1.91E-05,0.0819,0.587,200.049,,48
225053,3,0.63,0.53,0,-7.259,1,0.0434,0.4,0,0.177,0.417,108.038,1084653161,78
182666,4,0.775,0.825,7,-5.402,1,0.0464,0.0506,1.03E-06,0.111,0.95,139.091,451811010,69
181240,4,0.934,0.694,11,-5.849,0,0.101,0.0971,1.20E-06,0.477,0.833,123.831,497019301,71
213506,4,0.557,0.803,1,-3.599,0,0.213,0.0124,1.61E-06,0.737,0.657,92.134,626968272,73
169773,4,0.849,0.686,11,-2.674,0,0.0506,0.00209,0.00566,0.0839,0.652,112.032,,37
265480,4,0.913,0.571,2,-8.82,1,0.166,0.0709,0.00237,0.0599,0.203,123.966,263769574,64
166093,4,0.634,0.401,11,-11.212,0,0.0446,0.731,0.000132,0.334,0.494,150.174,441540425,79
203266,4,0.901,0.464,5,-9.789,0,0.0645,0.368,1.82E-05,0.238,0.638,109.004,945094456,79
193146,4,0.625,0.576,11,-5.693,0,0.175,0.0543,4.07E-05,0.187,0.235,179.063,424303004,67
295920,4,0.776,0.603,5,-5.696,1,0.0343,0.0728,6.25E-05,0.111,0.921,96.888,204054565,71
286573,4,0.556,0.618,10,-7.471,0,0.0463,0.00558,0.000351,0.153,0.121,80.985,,64
207920,4,0.593,0.589,11,-6.401,1,0.0366,0.462,3.88E-06,0.0937,0.306,148.055,,47
272986,4,0.379,0.608,0,-7.011,0,0.134,0.00311,0.000614,0.248,0.241,81.822,147831506,62
259333,4,0.674,0.506,6,-10.532,1,0.0434,0.173,0,0.0866,0.183,145.965,603298783,72
195373,4,0.684,0.607,11,-8.127,0,0.1,0.0267,0.000307,0.191,0.498,81.001,1418205401,87
195373,4,0.684,0.607,11,-8.127,0,0.1,0.0267,0.000307,0.191,0.498,81.001,186045099,87
182480,4,0.566,0.511,11,-8.595,0,0.0347,0.00275,6.87E-05,0.585,0.338,149.799,,34
253346,4,0.529,0.894,2,-3.599,1,0.0412,0.308,5.38E-06,0.254,0.543,108.024,,65
278746,4,0.583,0.655,0,-5.407,1,0.0315,0.111,3.57E-06,0.113,0.201,119.759,357022715,68
200600,4,0.706,0.691,0,-4.775,1,0.0633,0.0584,6.99E-05,0.0232,0.632,118.048,2147478869,88
231906,4,0.573,0.781,8,-6.406,1,0.0555,0.0767,2.64E-05,0.0813,0.343,139.934,821378686,73
223280,4,0.699,0.805,4,-5.535,0,0.0345,0.00161,0.00177,0.249,0.232,109.976,,70
202066,4,0.652,0.698,10,-4.667,0,0.042,0.00112,0.000115,0.0886,0.47,96.021,,78
169333,4,0.781,0.67,3,-3.912,0,0.0452,0.0103,0,0.0761,0.595,127.99,,72
233654,4,0.534,0.538,5,-6.673,1,0.0327,0.173,2.82E-06,0.248,0.289,148.016,354753343,65
236066,4,0.327,0.588,4,-6.611,1,0.0336,0.0834,0,0.104,0.329,161.074,,64
231240,4,0.613,0.622,1,-5.794,0,0.0334,0.00882,0,0.37,0.484,80.003,989188857,76
221360,4,0.53,0.422,5,-6.262,1,0.0342,0.407,0,0.107,0.349,119.964,953836757,78
210506,4,0.466,0.786,0,-5.13,1,0.0328,0.417,6.10E-05,0.125,0.571,203.903,459490109,78
205453,4,0.631,0.591,7,-5.806,1,0.0277,0.667,0,0.11,0.494,97.087,638518145,79
293706,3,0.549,0.44,7,-8.192,1,0.0264,0.232,7.37E-06,0.107,0.214,128.01,470560864,73
216573,4,0.62,0.869,6,-5.479,1,0.0462,0.615,0,0.131,0.597,126.019,532050468,79
202133,4,0.403,0.537,3,-6.628,1,0.031,0.59,0,0.112,0.414,69.877,397280792,76
161773,4,0.657,0.54,5,-7.675,1,0.0287,0.662,0,0.123,0.625,136.97,289892649,60
208280,4,0.605,0.88,4,-3.388,1,0.0322,0.0462,0,0.0915,0.761,137.986,332250193,72
197253,4,0.59,0.882,6,-3.041,1,0.0349,0.0803,0,0.146,0.792,129.929,365550069,72
178520,3,0.505,0.657,11,-5.24,0,0.0318,0.373,0.00107,0.126,0.252,196,761690838,82
234346,4,0.616,0.68,6,-4.581,1,0.0288,0.361,1.18E-06,0.116,0.687,149.951,840808549,80
221553,3,0.576,0.715,1,-5.755,0,0.0354,0.335,2.85E-06,0.0772,0.497,199.942,439794734,77
177580,3,0.698,0.891,5,-5.003,0,0.0341,0.0942,0,0.133,0.696,124.054,,83
187087,3,0.732,0.873,0,-5.965,1,0.0321,0.0449,0.000803,0.347,0.662,128.029,,86
193621,3,0.681,0.686,9,-6.398,0,0.0462,0.588,0,0.114,0.961,109.191,,62
183919,4,0.506,0.757,7,-4.802,1,0.037,0.0798,0,0.0885,0.489,79.984,,63
183786,4,0.473,0.751,8,-5.196,1,0.0318,9.91E-05,0.0181,0.118,0.569,110.025,210502980,74
189986,4,0.461,0.887,11,-4.871,0,0.0429,0.000219,0,0.104,0.411,95.964,113982846,76
180066,4,0.811,0.648,10,-3.684,0,0.0368,0.236,0,0.0761,0.695,104.988,403548045,76
235562,4,0.847,0.638,0,-3.764,1,0.0575,0.0596,0,0.0894,0.661,156.935,237269803,72
147880,4,0.752,0.65,5,-6.683,0,0.12,0.653,0.00136,0.105,0.532,134.993,181158773,74
185506,4,0.814,0.641,6,-5.957,0,0.111,0.027,0,0.0993,0.183,133.854,643554918,78
36226,3,0.525,0.526,5,-7.03,1,0.0534,0.634,0.127,0.103,0.562,85.274,119330561,71
177946,4,0.599,0.446,10,-6.511,0,0.0833,0.731,0,0.105,0.567,179.877,193443154,73
179026,4,0.593,0.935,4,-3.43,0,0.225,0.268,0,0.286,0.783,99.976,568753949,79
212253,4,0.804,0.771,9,-4.067,0,0.0433,0.357,3.07E-06,0.108,0.739,126.956,705995074,79
154666,4,0.776,0.817,5,-6.018,0,0.0748,0.18,3.44E-05,0.146,0.515,149.921,588538027,81
191000,4,0.699,0.708,10,-4.182,0,0.0496,0.185,8.43E-06,0.0921,0.863,108.887,,83
260239,4,0.964,0.605,9,-6.223,1,0.179,0.0668,7.78E-06,0.214,0.646,129.996,484917630,60
268480,4,0.813,0.782,9,-6.005,1,0.218,0.0227,0.00165,0.0956,0.681,150.003,128565467,52
191600,5,0.686,0.73,6,-5.077,0,0.374,0.278,4.76E-05,0.106,0.474,128.943,390666599,66
212920,4,0.665,0.848,10,-4.926,1,0.0386,0.0148,0.000118,0.1,0.196,119.897,132508113,60
279306,4,0.475,0.882,11,-3.883,1,0.351,0.406,0,0.241,0.369,98.001,299186774,69
268000,4,0.391,0.604,7,-8.104,1,0.212,0.00812,4.91E-06,0.0443,0.168,169.391,240182384,55
210626,4,0.747,0.716,11,-2.457,0,0.0751,0.135,0,0.251,0.751,125.006,1170430912,74
200013,4,0.723,0.86,11,-4.357,1,0.203,0.271,4.56E-06,0.598,0.667,126.979,885199989,79
220466,4,0.89,0.667,2,-6.862,1,0.0521,0.0572,3.03E-05,0.108,0.522,105.103,351380810,62
187453,4,0.879,0.875,10,-1.868,0,0.18,0.0808,0,0.327,0.763,95.021,,58
148759,4,0.787,0.713,7,-5.252,1,0.401,0.0849,0,0.717,0.761,175.046,549082523,71
180000,4,0.828,0.837,10,-3.963,0,0.0559,0.0295,0.002,0.147,0.821,116.955,,61
156894,4,0.847,0.912,11,-3.129,1,0.257,0.0781,0,0.142,0.88,81.486,144498184,62
149449,4,0.831,0.793,1,-4.127,1,0.369,0.0195,0,0.259,0.833,144.967,,75
176631,4,0.893,0.514,2,-4.776,1,0.424,0.0245,0,0.142,0.555,120.077,,72
192147,4,0.859,0.596,11,-7.021,1,0.329,0.0194,0,0.0489,0.479,140.064,,57
251510,4,0.666,0.665,2,-7.181,1,0.0534,0.309,0,0.0961,0.474,116.002,209998317,80
278670,4,0.485,0.215,0,-12.124,1,0.0348,0.703,3.55E-06,0.115,0.159,172.122,,74
213817,4,0.669,0.606,8,-7.193,1,0.0292,0.124,0,0.112,0.69,112.108,322323516,83
268353,4,0.394,0.256,0,-10.944,1,0.036,0.765,0,0.116,0.215,94.367,,77
194416,4,0.505,0.624,6,-6.526,1,0.0373,0.0253,1.06E-05,0.314,0.413,170.076,153915067,73
256871,4,0.693,0.524,5,-9.696,1,0.0407,0.267,1.83E-06,0.0839,0.453,156.529,,72
267256,4,0.523,0.626,3,-8.214,1,0.047,0.119,3.29E-05,0.107,0.323,121.291,302959767,58
182346,4,0.664,0.5,9,-6.935,1,0.0651,0.799,0,0.0966,0.801,117.896,1093873164,90
286369,4,0.586,0.358,7,-9.761,1,0.0308,0.556,0,0.11,0.365,169.925,,81
207733,4,0.617,0.632,8,-5.381,1,0.0371,0.0675,0,0.108,0.564,151.988,186423222,61
190680,4,0.656,0.704,7,-4.906,1,0.0858,0.589,0,0.213,0.928,172.015,,31
166573,4,0.758,0.867,11,-5.087,1,0.0475,0.152,0,0.308,0.964,102.018,157586485,68
187000,4,0.424,0.837,7,-4.453,1,0.0472,0.0373,0,0.0665,0.554,180.175,,59
176893,4,0.651,0.782,8,-4.295,1,0.0718,0.295,0,0.107,0.945,171.987,161134197,60
186240,4,0.706,0.358,6,-8.331,1,0.0347,0.677,0,0.107,0.478,75.991,469716087,80
215080,4,0.334,0.738,7,-5.28,1,0.0437,0.0058,0,0.115,0.49,143.985,,36
206506,4,0.687,0.793,5,-3.577,1,0.0333,0.302,3.46E-06,0.1,0.673,100.993,169191145,63
191826,4,0.498,0.804,11,-3.995,1,0.0332,0.125,0,0.167,0.697,166.054,150786870,60
184080,4,0.725,0.438,6,-9.602,1,0.0575,0.593,0,0.0842,0.76,83.984,263762373,63
124608,4,0.703,0.0859,10,-15.608,1,0.0364,0.825,2.91E-06,0.0754,0.343,110.028,,62
170971,4,0.692,0.0436,8,-13.093,1,0.0717,0.943,0,0.114,0.197,104.891,,60
142186,4,0.748,0.176,4,-11.1,1,0.0514,0.799,0,0.201,0.426,95.397,,46
187244,4,0.678,0.264,10,-12.384,1,0.0622,0.753,0,0.302,0.528,121.722,234544283,76
163586,4,0.473,0.203,2,-12.627,1,0.102,0.941,0,0.126,0.419,168.884,508873987,77
143746,4,0.672,0.526,4,-6.446,1,0.0599,0.0311,1.37E-06,0.28,0.28,123.999,660723650,77
215506,4,0.442,0.612,2,-7.222,1,0.112,0.584,5.70E-06,0.37,0.178,180.917,1664897372,84
242013,4,0.561,0.431,10,-8.81,1,0.0578,0.768,1.42E-05,0.106,0.137,143.875,2238347845,83
202826,4,0.638,0.259,7,-10.706,1,0.0898,0.753,0,0.219,0.269,88.485,473028712,75
152666,4,0.369,0.272,9,-10.497,1,0.0364,0.866,0,0.147,0.218,172.929,1108577086,83
178146,4,0.563,0.664,9,-5.044,1,0.154,0.335,0,0.0849,0.688,166.928,2219060430,83
175933,3,0.395,0.443,6,-9.72,1,0.133,0.765,9.67E-06,0.0839,0.338,168.924,1181053581,82
173160,4,0.695,0.575,10,-6.334,0,0.116,0.198,0,0.0614,0.699,163.929,925862478,82
229226,4,0.38,0.339,3,-7.885,1,0.0338,0.691,0,0.12,0.0849,100.607,1625351659,84
233869,4,0.461,0.718,2,-5.627,1,0.0666,0.139,1.66E-05,0.0968,0.334,162.187,,67
219967,4,0.591,0.928,6,-3.925,1,0.0316,0.00441,0,0.291,0.619,105.025,,67
232653,4,0.655,0.482,0,-8.453,0,0.0305,0.411,1.46E-06,0.114,0.191,98.013,,68
204489,4,0.562,0.691,4,-4.702,1,0.0328,0.00265,1.91E-06,0.105,0.483,128.059,,40
226437,3,0.483,0.443,4,-6.791,1,0.034,0.611,2.46E-06,0.0981,0.215,125.017,,56
205173,4,0.534,0.774,7,-6.058,1,0.0284,0.0135,2.78E-06,0.103,0.435,149.961,,41
244797,4,0.562,0.683,7,-4.427,1,0.0296,0.00531,0,0.107,0.384,132,199577210,58
214397,3,0.409,0.713,8,-6.713,1,0.03,0.434,0.000719,0.206,0.725,97.029,259694310,67
238888,3,0.69,0.597,9,-7.494,0,0.0395,0.311,4.18E-05,0.0727,0.453,185.084,555583868,74
184066,3,0.784,0.826,7,-6.34,0,0.0538,0.0965,7.09E-05,0.123,0.893,138.078,688376398,73
204253,3,0.702,0.68,7,-5.451,0,0.0373,0.24,0,0.111,0.86,122.895,202006425,69
245997,3,0.664,0.769,4,-5.056,1,0.184,0.406,0,0.17,0.542,134.97,,81
95317,4,0.544,0.888,6,-5.003,0,0.116,0.00311,7.80E-06,0.076,0.746,171.69,299014716,62
128853,4,0.647,0.871,11,-7.144,0,0.0936,0.0976,0.000534,0.173,0.643,129.928,,56
108373,4,0.616,0.856,9,-6.098,1,0.0457,0.516,0.0652,0.245,0.75,157.109,156560299,72
116213,4,0.804,0.609,0,-7.848,1,0.0633,0.68,0.00253,0.261,0.713,133.043,180124130,64
82226,4,0.499,0.856,11,-5.705,1,0.061,0.0544,0.131,0.0734,0.394,163.956,,54
98544,4,0.829,0.617,1,-8.497,1,0.14,0.227,0.00306,0.0618,0.81,125.605,645322369,83
147020,4,0.771,0.565,7,-9.407,1,0.0299,0.672,0.000112,0.195,0.444,132.339,,71
153706,4,0.689,0.872,0,-4.786,1,0.0477,0.0965,0.000498,0.117,0.362,134.994,,55
194880,4,0.582,0.889,0,-4.386,1,0.0491,0.021,0,0.687,0.438,121.977,,45
170666,4,0.635,0.785,8,-4.421,0,0.25,0.442,0,0.0935,0.809,102.742,,44
272373,4,0.538,0.742,2,-5.355,1,0.114,0.138,4.67E-05,0.0934,0.25,96.107,838550635,78
272373,4,0.538,0.742,2,-5.355,1,0.114,0.138,4.67E-05,0.0934,0.25,96.107,279165214,78
198973,4,0.725,0.511,5,-6.472,1,0.046,0.275,0,0.0762,0.489,110.063,,34
194346,4,0.807,0.533,9,-4.899,0,0.0443,0.176,0,0.284,0.853,124.006,,51
197573,4,0.749,0.82,7,-6.114,1,0.0478,0.0205,0.000685,0.0775,0.534,120.066,,56
105002,4,0.627,0.512,1,-7.401,0,0.123,0.584,0,0.128,0.57,95.334,,45
187782,4,0.463,0.847,11,-6.776,0,0.0511,0.0307,0,0.117,0.625,114.962,,57
219813,4,0.811,0.781,11,-6.333,1,0.0428,0.376,0.001,0.121,0.824,107.007,1448809286,73
219813,4,0.811,0.781,11,-6.333,1,0.0428,0.376,0.001,0.121,0.824,107.007,602683171,73
179775,4,0.923,0.657,3,-5.173,0,0.0605,0.199,0.00407,0.108,0.734,110.015,,65
205892,5,0.567,0.577,8,-7.833,0,0.134,0.134,0.000397,0.145,0.719,200.008,,49
201693,4,0.759,0.564,11,-3.584,0,0.0502,0.589,0.0357,0.0899,0.519,99.966,,48
213375,4,0.889,0.798,0,-6.62,1,0.256,0.0245,0,0.0671,0.594,119.969,,42
204755,4,0.805,0.525,6,-7.376,0,0.0638,0.119,0.00203,0.0779,0.693,100.033,149806341,63
150760,4,0.732,0.747,10,-4.58,1,0.0424,0.0206,0,0.15,0.506,117.993,,72
225146,4,0.562,0.709,11,-4.92,0,0.0424,0.00124,0,0.109,0.401,91.958,1464237229,71
267080,4,0.834,0.669,6,-5.582,0,0.0637,0.0341,7.18E-05,0.0535,0.547,122.669,,71
235493,4,0.789,0.706,11,-4.233,0,0.0429,0.112,1.71E-05,0.0586,0.638,125.918,1147118561,84
222920,4,0.563,0.75,11,-4.496,1,0.127,0.113,0,0.0788,0.812,173.909,,77
240706,4,0.621,0.31,9,-10.164,0,0.0283,0.945,6.12E-05,0.117,0.125,111.881,1356187928,65
229413,4,0.518,0.467,9,-7.536,1,0.162,0.248,0,0.0941,0.559,79.965,,74
275986,4,0.585,0.828,1,-4.603,1,0.124,0.00906,0,0.0426,0.584,174.034,,82
215226,4,0.735,0.766,1,-4.485,1,0.0384,0.025,0.00141,0.108,0.6,127.975,1737395342,84
242680,4,0.719,0.847,0,-6.34,0,0.0919,0.00201,0.0204,0.221,0.443,127.96,720827131,73
219320,4,0.723,0.534,11,-6.238,1,0.0891,0.0747,0,0.0919,0.551,91.974,1423595461,78
192182,4,0.694,0.652,5,-8.751,1,0.296,0.248,0,0.0293,0.759,87.966,,57
146751,4,0.678,0.567,1,-8.927,0,0.101,0.0454,8.80E-06,0.41,0.154,156.975,,69
159669,3,0.732,0.387,10,-8.47,0,0.0741,0.0493,0,0.141,0.242,157.875,325900078,68
235987,4,0.874,0.443,5,-9.628,0,0.241,0.147,0,0.124,0.298,118.004,232480270,66
252021,4,0.599,0.61,5,-8.633,0,0.24,0.213,0.000414,0.151,0.434,159.933,170513679,69
160078,4,0.55,0.637,8,-5.212,1,0.163,0.597,0,0.129,0.535,84.448,143449589,68
212360,4,0.81,0.759,9,-3.029,0,0.0376,0.111,4.73E-06,0.0919,0.615,104.993,,56
175459,4,0.701,0.76,0,-5.478,1,0.0285,0.107,6.54E-05,0.185,0.69,103.969,,98
163648,4,0.74,0.697,8,-4.912,1,0.034,0.0268,0,0.224,0.732,138.992,929344596,88
186365,4,0.669,0.586,9,-6.073,1,0.054,0.274,0,0.104,0.579,107.071,,97
177500,4,0.557,0.457,7,-5.372,1,0.0335,0.428,0,0.0567,0.328,105.918,197681825,68
179226,4,0.46,0.809,6,-5.415,1,0.326,0.0422,5.04E-05,0.138,0.609,157.184,240141735,71
171096,4,0.633,0.557,11,-4.917,0,0.203,0.169,0,0.0671,0.623,89.672,160616703,63
171029,4,0.741,0.52,8,-7.513,1,0.0656,0.447,1.97E-06,0.222,0.347,102.998,1376615356,76
202204,4,0.561,0.682,1,-4.931,0,0.0856,0.153,0,0.0763,0.359,165.944,982398000,67
239316,4,0.678,0.484,5,-5.795,1,0.0361,0.529,2.01E-05,0.0766,0.493,82.004,1926711475,83
253208,4,0.418,0.332,4,-9.482,1,0.0492,0.771,2.01E-05,0.109,0.171,119.164,301882901,70
253208,4,0.418,0.332,4,-9.482,1,0.0492,0.771,2.01E-05,0.109,0.171,119.164,662105756,70
192670,4,0.67,0.841,2,-5.217,1,0.18,0.204,0.000294,0.229,0.742,133.918,380939057,65
221595,3,0.539,0.383,4,-9.461,0,0.0424,0.283,1.18E-05,0.0865,0.153,88.051,294453454,61
172723,4,0.413,0.42,0,-6.444,1,0.0416,0.588,6.39E-05,0.11,0.185,84.126,2135129240,83
201000,4,0.715,0.372,5,-8.237,1,0.0443,0.638,0,0.169,0.474,91.931,2107370767,83
156943,4,0.719,0.454,2,-7.384,1,0.0707,0.0138,4.83E-06,0.318,0.224,131.007,1601267132,78
278987,3,0.261,0.302,5,-8.19,0,0.0339,0.769,2.57E-06,0.0863,0.0883,81.418,,63
207904,4,0.6,0.725,6,-4.866,1,0.0487,0.0933,1.87E-06,0.12,0.506,102.056,,70
214647,4,0.965,0.414,1,-6.408,1,0.0712,0.189,0,0.0767,0.729,121.032,511184067,64
231986,4,0.545,0.787,7,-4.095,0,0.0521,0.00999,0.000201,0.0809,0.574,80.158,420169225,69
221280,4,0.609,0.674,5,-6.484,0,0.0502,0.179,0,0.069,0.228,88.945,709650181,62
200680,4,0.811,0.507,5,-7.161,0,0.117,0.0146,2.14E-06,0.342,0.438,111.016,696174519,63
206458,4,0.516,0.342,4,-8.985,1,0.0425,0.55,0,0.21,0.0993,102.819,1243037721,76
220589,4,0.838,0.541,5,-6.746,1,0.0708,0.207,7.97E-05,0.103,0.637,114.996,288491299,58
227373,4,0.616,0.789,7,-4.874,0,0.0377,0.053,0,0.142,0.621,83.066,540260627,69
197993,4,0.725,0.804,11,-4.614,0,0.0422,0.124,0,0.204,0.31,124.996,1375310473,76
206866,4,0.694,0.81,11,-3.556,0,0.0661,0.122,0,0.141,0.824,137.968,544548991,74
239333,4,0.541,0.628,0,-4.682,0,0.0603,0.733,0,0.056,0.364,80.027,,45
218093,4,0.778,0.824,10,-5.892,0,0.0707,0.284,0,0.405,0.758,100.024,,87
212893,4,0.74,0.783,0,-5.367,1,0.0427,0.0297,0.000308,0.123,0.812,100.011,,75
183693,4,0.8,0.692,9,-5.57,0,0.0614,0.342,1.92E-06,0.0554,0.917,112.002,196018800,69
188866,4,0.865,0.69,7,-7.448,1,0.0443,0.285,0.0162,0.225,0.867,121.983,,70
224066,4,0.616,0.597,8,-5.328,1,0.0415,0.691,0,0.104,0.362,165.508,,60
202466,4,0.764,0.887,11,-6.088,0,0.176,0.00987,0,0.0585,0.816,126.974,,74
196160,4,0.794,0.832,1,-4.862,0,0.0407,0.237,1.14E-05,0.203,0.871,107.657,,76
177677,4,0.445,0.549,3,-7.134,1,0.0307,0.0703,0,0.176,0.218,109.25,,66
185906,4,0.389,0.505,6,-7.777,0,0.037,0.538,0.00403,0.216,0.244,121.775,,62
161567,4,0.432,0.714,6,-7.933,0,0.0384,0.0876,0.000788,0.27,0.322,176.009,134067558,75
177720,3,0.539,0.508,10,-6.05,1,0.0288,0.727,0,0.174,0.227,101.358,1069106393,78
177720,3,0.539,0.508,10,-6.05,1,0.0288,0.727,0,0.174,0.227,101.358,1062067574,78
232066,4,0.686,0.494,1,-7.093,1,0.0355,0.613,5.80E-05,0.402,0.7,168.946,1141836910,82
232066,4,0.686,0.494,1,-7.093,1,0.0355,0.613,5.80E-05,0.402,0.7,168.946,102168383,82
129697,4,0.414,0.473,11,-8.911,0,0.116,0.663,0.0523,0.128,0.409,100,506387072,81
173104,4,0.603,0.784,6,-4.023,1,0.062,0.446,8.32E-06,0.119,0.769,172.041,1384136828,86
160182,4,0.824,0.716,0,-7.089,1,0.0526,0.000916,0.0148,0.299,0.771,107.997,,49
224444,4,0.838,0.535,11,-6.303,0,0.0432,0.0714,0.000302,0.208,0.894,119.946,212193930,70
213797,4,0.482,0.788,7,-6.307,1,0.0432,0.115,0.00374,0.344,0.85,191.772,,54
140182,4,0.788,0.939,9,-7.327,0,0.0544,0.0723,0.000181,0.133,0.98,137.002,130774906,68
118393,4,0.784,0.554,7,-6.417,1,0.03,0.00548,0.254,0.0995,0.634,104.01,460066065,82
231253,4,0.692,0.684,6,-7.364,1,0.155,0.131,0,0.156,0.406,112.912,680882197,82
208400,4,0.73,0.457,9,-7.26,1,0.283,0.0705,0,0.124,0.549,111.352,275560401,68
279204,4,0.436,0.655,1,-8.37,0,0.0583,0.499,8.10E-06,0.688,0.412,121.002,1165796762,76
202007,4,0.679,0.516,0,-6.371,0,0.0452,0.199,0,0.0965,0.716,120.074,260433017,68
173906,5,0.533,0.417,7,-8.665,0,0.148,0.514,0,0.114,0.376,106.534,468566870,70
153946,4,0.644,0.728,8,-5.75,1,0.0351,0.0543,0.169,0.161,0.43,88.993,1994147310,79
153946,4,0.644,0.728,8,-5.75,1,0.0351,0.0543,0.169,0.161,0.43,88.993,117835452,79
275080,4,0.795,0.594,0,-6.2,1,0.0748,0.112,0,0.162,0.409,135.002,834577266,76
201800,4,0.559,0.551,5,-7.231,1,0.132,0.141,0,0.11,0.392,143.008,1111936662,87
272186,3,0.4,0.366,8,-9.405,0,0.0597,0.242,0,0.126,0.161,73.313,551748842,74
272186,3,0.4,0.366,8,-9.405,0,0.0597,0.242,0,0.126,0.161,73.313,472127021,74
613026,4,0.631,0.518,0,-8.771,1,0.0303,0.274,0,0.088,0.205,93.023,250448746,80
613026,4,0.631,0.518,0,-8.771,1,0.0303,0.274,0,0.088,0.205,93.023,877005568,80
613026,4,0.631,0.518,0,-8.771,1,0.0303,0.274,0,0.088,0.205,93.023,272661033,80
200690,4,0.633,0.648,4,-6.645,1,0.062,0.121,2.62E-06,0.161,0.49,96.888,1624214101,84
211933,4,0.65,0.802,7,-6.114,1,0.181,0.0871,6.54E-06,0.148,0.295,170.146,615712613,63
211933,4,0.65,0.802,7,-6.114,1,0.181,0.0871,6.54E-06,0.148,0.295,170.146,188748172,63
231826,4,0.753,0.678,5,-5.421,1,0.0644,0.085,1.64E-06,0.13,0.583,96.006,1876365684,70
231826,4,0.753,0.678,5,-5.421,1,0.0644,0.085,1.64E-06,0.13,0.583,96.006,208459229,70
239560,4,0.613,0.581,0,-8.588,0,0.0424,0.537,0.000345,0.25,0.551,130.033,1372264614,85
232253,4,0.75,0.404,9,-10.178,0,0.0682,0.216,0.000357,0.0911,0.0499,95.045,1021487559,81
235266,4,0.618,0.741,2,-3.95,1,0.031,0.17,0,0.0822,0.296,118.984,812780969,65
219200,4,0.647,0.785,7,-5.414,1,0.165,0.0561,0,0.148,0.943,160.015,1451676100,70
219200,4,0.647,0.785,7,-5.414,1,0.165,0.0561,0,0.148,0.943,160.015,135717009,70
214706,4,0.392,0.574,7,-9.195,1,0.17,0.833,0.00179,0.145,0.529,81.112,874906347,76
231124,4,0.632,0.773,6,-4.856,1,0.0346,0.0623,0,0.0885,0.474,130.033,706679802,81
361026,4,0.658,0.572,5,-6.099,0,0.0308,0.0811,0.0061,0.121,0.144,108.968,975130806,80
200040,4,0.513,0.73,1,-5.94,1,0.0598,0.00143,9.54E-05,0.0897,0.334,171.001,4387731728,89
213520,4,0.705,0.769,9,-5.526,0,0.0425,0.113,0,0.105,0.583,107.949,1784185416,81
277680,3,0.657,0.291,2,-8.275,0,0.0348,0.405,0,0.0771,0.405,119.782,1705371041,72
198266,4,0.537,0.746,10,-5.507,0,0.15,0.0236,1.00E-06,0.156,0.252,170.083,998572284,77
235653,3,0.505,0.68,7,-4.993,1,0.0714,0.0796,0,0.0465,0.539,168.022,557191482,72
215626,4,0.679,0.825,0,-5.487,1,0.0309,0.0212,1.21E-05,0.543,0.644,118.049,2058701767,85
215626,4,0.679,0.825,0,-5.487,1,0.0309,0.0212,1.21E-05,0.543,0.644,118.049,1601519156,85
230453,4,0.679,0.587,7,-7.015,1,0.276,0.141,6.35E-06,0.137,0.486,186.003,3401512331,88
242253,4,0.585,0.564,0,-7.063,0,0.0515,0.0671,0,0.135,0.137,113.003,2366905625,85
192091,4,0.539,0.354,7,-11.112,1,0.447,0.37,0,0.126,0.214,170.094,,32
204000,4,0.814,0.38,2,-9.34,1,0.0494,0.274,0,0.098,0.434,116.029,196446622,66
208621,4,0.82,0.386,2,-8.508,1,0.0598,0.334,0,0.0991,0.381,116.014,,48
176363,4,0.708,0.44,3,-10.852,0,0.0884,0.615,0,0.151,0.421,131.805,,62
215405,4,0.774,0.451,6,-8.942,0,0.239,0.0533,0,0.078,0.429,126.955,,48
205657,4,0.785,0.632,8,-6.448,0,0.234,0.0312,0,0.11,0.334,73.534,,44
153569,4,0.611,0.693,8,-6.363,1,0.256,0.0049,0,0.0962,0.447,150.918,,38
175120,4,0.447,0.341,2,-9.769,1,0.0457,0.806,2.05E-06,0.686,0.371,138.969,246087048,78
174733,4,0.529,0.789,10,-5.511,1,0.0576,0.00398,0,0.291,0.453,139.853,,49
189780,4,0.602,0.796,5,-5.609,1,0.0465,0.146,0,0.125,0.53,106.005,205347092,67
179640,4,0.657,0.871,7,-4.614,1,0.0675,0.0031,0,0.102,0.532,114.974,156371097,72
190243,4,0.8,0.503,10,-8.064,0,0.0612,0.054,0.000648,0.125,0.497,82.025,,26
197647,4,0.808,0.571,0,-5.161,0,0.0656,0.345,4.48E-06,0.0844,0.62,170.037,,47
223992,4,0.775,0.465,7,-8.365,0,0.365,0.609,3.23E-05,0.114,0.707,169.781,262813517,68
223992,4,0.775,0.465,7,-8.365,0,0.365,0.609,3.23E-05,0.114,0.707,169.781,1092438003,68
234352,4,0.812,0.479,2,-5.678,0,0.333,0.213,1.21E-06,0.0756,0.559,169.922,,84
153835,4,0.752,0.6,11,-9.687,0,0.0931,0.103,0.00551,0.0554,0.608,79.994,,50
136421,4,0.887,0.589,5,-6.291,1,0.0602,0.107,0.00236,0.137,0.651,95.01,,44
224842,4,0.887,0.598,6,-6.89,1,0.1,0.099,0.00179,0.101,0.768,95.01,,54
154666,4,0.831,0.829,6,-5.887,1,0.0873,0.45,0.0014,0.0915,0.865,96.969,,34
238146,4,0.566,0.713,6,-4.25,1,0.0418,0.645,0,0.114,0.805,169.861,,78
273893,4,0.667,0.381,3,-7.494,1,0.0294,0.455,0,0.116,0.199,135.975,241067678,69
324266,4,0.411,0.558,3,-7.393,1,0.038,0.162,3.79E-06,0.0879,0.379,81.274,,54
229280,4,0.531,0.403,3,-7.195,1,0.0338,0.551,1.38E-05,0.105,0.431,76.125,,59
205000,4,0.712,0.807,6,-3.976,1,0.0297,0.0244,0.000122,0.0905,0.936,105.024,256001139,69
180813,4,0.699,0.819,1,-5.111,1,0.058,0.0886,0,0.143,0.654,104.02,,58
203173,4,0.715,0.584,8,-8.231,1,0.0296,0.432,1.41E-06,0.095,0.609,90.99,408925334,75
262773,4,0.801,0.759,11,-5.398,1,0.0378,0.657,0,0.0897,0.821,129.971,,73
208213,4,0.686,0.576,1,-6.633,1,0.0284,0.443,1.66E-05,0.212,0.72,83.969,,69
268856,4,0.508,0.296,3,-10.513,1,0.0755,0.897,5.00E-05,0.11,0.134,82.532,,82
290892,4,0.447,0.441,0,-7.658,1,0.0456,0.874,4.36E-05,0.188,0.286,122.811,,78
253359,4,0.583,0.0819,0,-15.249,1,0.04,0.869,0,0.103,0.167,79.385,,71
171692,4,0.68,0.246,4,-14.112,1,0.058,0.783,0,0.106,0.388,110.23,576904771,86
227195,4,0.429,0.453,0,-7.746,1,0.0459,0.554,2.00E-06,0.102,0.155,77.639,732871786,89
192293,4,0.553,0.823,7,-3.194,1,0.0689,0.0201,0,0.111,0.552,133.781,,63
239761,4,0.543,0.117,0,-15.153,1,0.0389,0.811,0,0.147,0.395,83.607,,65
228013,3,0.369,0.192,4,-12.151,0,0.04,0.555,8.35E-06,0.0954,0.148,175.212,974578482,87
181239,4,0.552,0.411,1,-7.946,1,0.0434,0.794,3.50E-06,0.248,0.501,78.095,,67
